20184105,https://movie.naver.com/movie/bi/mi/basic.nhn?code=167699,9.02
20176251,https://movie.naver.com/movie/bi/mi/basic.nhn?code=164172,8.76
20189463,https://movie.naver.com/movie/bi/mi/basic.nhn?code=152632,8.76
20180290,https://movie.naver.com/movie/bi/mi/basic.nhn?code=151153,8.38
20183915,https://movie.naver.com/movie/bi/mi/basic.nhn?code=180372,9.18
20185485,https://movie.naver.com/movie/bi/mi/basic.nhn?code=156464,9.47
20184574,https://movie.naver.com/movie/bi/mi/basic.nhn?code=171539,9.67
20186281,https://movie.naver.com/movie/bi/mi/basic.nhn?code=164139,8.18
20170658,https://movie.naver.com/movie/bi/mi/basic.nhn?code=166092,5.32
20175547,https://movie.naver.com/movie/bi/mi/basic.nhn?code=164101,8.46
20183785,https://movie.naver.com/movie/bi/mi/basic.nhn?code=180379,9.18
20184187,https://movie.naver.com/movie/bi/mi/basic.nhn?code=152344,5.92
20182421,https://movie.naver.com/movie/bi/mi/basic.nhn?code=150688,8.36
20168773,https://movie.naver.com/movie/bi/mi/basic.nhn?code=157297,6.52
20183479,https://movie.naver.com/movie/bi/mi/basic.nhn?code=172975,8.46
20183238,https://movie.naver.com/movie/bi/mi/basic.nhn?code=171725,9.26
20177552,https://movie.naver.com/movie/bi/mi/basic.nhn?code=164192,8.18
20179230,https://movie.naver.com/movie/bi/mi/basic.nhn?code=171755,6.27
20183375,https://movie.naver.com/movie/bi/mi/basic.nhn?code=172187,9.03
20189843,https://movie.naver.com/movie/bi/mi/basic.nhn?code=158622,7.38
20182082,https://movie.naver.com/movie/bi/mi/basic.nhn?code=171452,7.86
20178825,https://movie.naver.com/movie/bi/mi/basic.nhn?code=156496,6.39
20183745,https://movie.naver.com/movie/bi/mi/basic.nhn?code=180384,7.75
20177538,https://movie.naver.com/movie/bi/mi/basic.nhn?code=167638,8.66
20184481,https://movie.naver.com/movie/bi/mi/basic.nhn?code=174835,7.60
20181905,https://movie.naver.com/movie/bi/mi/basic.nhn?code=144266,7.15
20176814,https://movie.naver.com/movie/bi/mi/basic.nhn?code=154255,6.28
20183073,https://movie.naver.com/movie/bi/mi/basic.nhn?code=144906,9.53
20181171,https://movie.naver.com/movie/bi/mi/basic.nhn?code=173692,9.17
20183007,https://movie.naver.com/movie/bi/mi/basic.nhn?code=161868,8.55
20182966,https://movie.naver.com/movie/bi/mi/basic.nhn?code=179138,4.52
20183050,https://movie.naver.com/movie/bi/mi/basic.nhn?code=176354,9.36
20182935,https://movie.naver.com/movie/bi/mi/basic.nhn?code=179139,8.79
20182669,https://movie.naver.com/movie/bi/mi/basic.nhn?code=154653,8.81
20186822,https://movie.naver.com/movie/bi/mi/basic.nhn?code=175318,8.31
20170513,https://movie.naver.com/movie/bi/mi/basic.nhn?code=166610,5.52
20189869,https://movie.naver.com/movie/bi/mi/basic.nhn?code=164147,7.69
20174981,https://movie.naver.com/movie/bi/mi/basic.nhn?code=160487,5.13
20010291,https://movie.naver.com/movie/bi/mi/basic.nhn?code=30688,9.23
20179006,https://movie.naver.com/movie/bi/mi/basic.nhn?code=171750,4.32
20181404,https://movie.naver.com/movie/bi/mi/basic.nhn?code=164155,6.15
20180523,https://movie.naver.com/movie/bi/mi/basic.nhn?code=168050,9.15
20182693,https://movie.naver.com/movie/bi/mi/basic.nhn?code=172819,7.50
